{"cameraMode":{"drawMode":0,"name":"Shaded","section":"Shading Mode"},"sceneLighting":true,"audioPlay":false,"sceneViewState":{"showFog":true,"showMaterialUpdate":false,"showSkybox":true,"showFlares":true,"showImageEffects":true,"showParticleSystems":true},"in2DMode":false,"pivot":{"x":-52.44601821899414,"y":46.97153091430664,"z":52.30066680908203},"rotation":{"x":-0.40137118101119997,"y":-0.09154239296913147,"z":0.040341608226299289,"w":-0.9104647040367127},"size":4.041658401489258,"orthographic":false}