{"cameraMode":{"drawMode":0,"name":"Shaded","section":"Shading Mode"},"sceneLighting":true,"audioPlay":false,"sceneViewState":{"showFog":true,"showMaterialUpdate":false,"showSkybox":true,"showFlares":true,"showImageEffects":true,"showParticleSystems":true},"in2DMode":false,"pivot":{"x":16.64000701904297,"y":3.6792709827423097,"z":1.4050018787384034},"rotation":{"x":-0.2721523642539978,"y":0.6686851978302002,"z":-0.28936925530433657,"w":-0.6285788416862488},"size":37.92247009277344,"orthographic":false}