{"cameraMode":{"drawMode":0,"name":"Shaded","section":"Shading Mode"},"sceneLighting":true,"audioPlay":false,"sceneViewState":{"showFog":true,"showMaterialUpdate":false,"showSkybox":true,"showFlares":true,"showImageEffects":true,"showParticleSystems":true},"in2DMode":false,"pivot":{"x":-1.290037989616394,"y":8.773920059204102,"z":-1.7585477828979493},"rotation":{"x":0.35467690229415896,"y":0.016516510397195817,"z":-0.006436527706682682,"w":0.9349111914634705},"size":12.784340858459473,"orthographic":false}