{"cameraMode":{"drawMode":0,"name":"Shaded","section":"Shading Mode"},"sceneLighting":true,"audioPlay":false,"sceneViewState":{"showFog":true,"showMaterialUpdate":false,"showSkybox":false,"showFlares":true,"showImageEffects":true,"showParticleSystems":true},"in2DMode":false,"pivot":{"x":-90.71884155273438,"y":-104.31706237792969,"z":-11.627617835998536},"rotation":{"x":0.3051997125148773,"y":-0.6532430648803711,"z":0.32600361108779909,"w":0.6114910840988159},"size":401.0502014160156,"orthographic":false}