{"cameraMode":{"drawMode":0,"name":"Shaded","section":"Shading Mode"},"sceneLighting":true,"audioPlay":false,"sceneViewState":{"showFog":true,"showMaterialUpdate":false,"showSkybox":true,"showFlares":true,"showImageEffects":true,"showParticleSystems":true},"in2DMode":false,"pivot":{"x":-43.196163177490237,"y":-14.85180377960205,"z":50.851531982421878},"rotation":{"x":0.6822768449783325,"y":0.009211299009621144,"z":-0.00861587468534708,"w":0.7310387492179871},"size":166.96530151367188,"orthographic":false}